source,target
61995CJ0259,61981CJ0039
61995CJ0259,61986CJ0031
61995CJ0259,61988CJ0331
61995CJ0259,61995CJ0072
62016CJ0111,62010CJ0058
62016CJ0111,62011CJ0036
62015CJ0282,61982CJ0174
62015CJ0282,61994CJ0134
62015CJ0282,62001CJ0192
62015CJ0282,62001CJ0236
62015CJ0282,62007CJ0205
62015CJ0282,62008CJ0333
62015CJ0282,62008CJ0446
62015CJ0282,62015CJ0268
62015CJ0177,62012CJ0299
62013CJ0137,62009CJ0266
62013CJ0137,62010CJ0319
62013CJ0137,62012CJ0335
62011CJ0636,62009CJ0243
62010CJ0058,61999CJ0006
62010CJ0058,62001CJ0236
62010CJ0058,62007CJ0375
62010CJ0058,62008CJ0165
62008CJ0120,61973CJ0159
62008CJ0120,62000CJ0074
62008CJ0120,62005CJ0154
62008CJ0120,62007CJ0478
62007CJ0446,61993CJ0470
62007CJ0446,61996CJ0210
62007CJ0446,61997CJ0421
62007CJ0446,61998CJ0220
62007CJ0446,61998CJ0366
62007CJ0446,62002CJ0465
62007CJ0446,62004CJ0393
62007CJ0446,62005CJ0132
62007CJ0343,61988CJ0011
62007CJ0343,61991CJ0097
62007CJ0343,61993CJ0280
62007CJ0343,61993CJ0306
62007CJ0343,61994CJ0122
62007CJ0343,61995CJ0179
62007CJ0343,61995CJ0241
62007CJ0343,61996CJ0004
62007CJ0343,61996CJ0180
62007CJ0343,61996CJ0289
62007CJ0343,61996CJ0404
62007CJ0343,61997CJ0087
62007CJ0343,61999CJ0120
62007CJ0343,61999CJ0239
62007CJ0343,61999CJ0269
62007CJ0343,62001CJ0189
62007CJ0343,62001CJ0304
62007CJ0343,62001CJ0486
62007CJ0343,62003CJ0535
62007CJ0343,62005CJ0132
62007CJ0343,62005CJ0441
62007CJ0343,62006CJ0015
62003CJ0135,62001CJ0194
62003CJ0135,62002CJ0063
62003CJ0135,62002CJ0341
62003CJ0135,62003CJ0482
62004CJ0107,62003CJ0135
62004CJ0203,61996CJ0157
62003CJ0211,61982CJ0227
62003CJ0211,61988CJ0369
62003CJ0211,61989CJ0060
62003CJ0211,61989CJ0112
62003CJ0211,61990CJ0290
62003CJ0211,61991CJ0219
62003CJ0211,61996CJ0001
62003CJ0211,61997CJ0120
62003CJ0211,61998CJ0318
62003CJ0211,61999CJ0387
62003CJ0211,62000CJ0150
62003CJ0211,62001CJ0192
62001CJ0216,61988CJ0125
62001CJ0216,61991CJ0003
62001CJ0216,61994CJ0321
62001CJ0216,61995CJ0364
62001CJ0216,61997CJ0087
62001CJ0216,61998CJ0084
62001CJ0216,61998CJ0312
62001CJ0216,61998CJ0379
62001CJ0216,61998CJ0448
62000CJ0469,61991CJ0003
62000CJ0469,61995CJ0388
62000CJ0469,61996CJ0114
62000CJ0469,61996CJ0209
62000CJ0469,61998CJ0209
62000CJ0469,61998CJ0230
62000CJ0469,61999CJ0088
62000CJ0469,61999CJ0169
62000CJ0469,62000CJ0469
62000CJ0469,62001CJ0108
62001CJ0108,61995CJ0388
62001CJ0108,61996CJ0114
62001CJ0108,61996CJ0209
62001CJ0108,61998CJ0209
62001CJ0108,61999CJ0169
62001CJ0108,62001CJ0108
62000CJ0066,61993CJ0415
62000CJ0066,61999CJ0390
61998CJ0312,61980CJ0027
61998CJ0312,61994CJ0321
61998CJ0312,61997CJ0129
61996CJ0289,61991CJ0003
61997CJ0087,61989CJ0241
61997CJ0087,61991CJ0003
61997CJ0087,61992CJ0351
61997CJ0087,61993CJ0470
61997CJ0087,61994CJ0313
61997CJ0087,61997CJ0129
61994CJ0321,61974CJ0008
61994CJ0321,61978CJ0013
61994CJ0321,61980CJ0113
61994CJ0321,61981CJ0286
61994CJ0321,61991CJ0003
61991CJ0146,61981CJ0106
61991CJ0146,61982CJ0008
61991CJ0146,61986CJ0058
61991CJ0146,61986CJ0068
61991CJ0146,61990CJ0258
61991CJ0146,61992CJ0371
61991CJ0222,61992CJ0011
61992CJ0011,61978CJ0148
61985CJ0179,61983CJ0016
61982CJ0042,61982CO0042
61981CJ0124,61975CJ0104
61981CJ0124,61977CJ0082
61981CJ0124,61978CJ0232
61981CJ0124,61978CJ0251
61981CJ0124,61980CJ0130
61980CJ0130,61977CJ0082
61980CJ0130,61978CJ0120
61980CJ0130,61979CJ0788
61980CJ0130,61980CJ0027
62002CJ0239,61989CJ0241
62002CJ0239,61991CJ0267
62002CJ0239,61995CJ0034
62002CJ0239,61997CJ0077
62002CJ0239,61998CJ0349
62002CJ0239,61998CJ0405
62002CJ0239,61998CJ0448
62002CJ0239,61998CJ0465
62002CJ0239,62000CJ0221
62002CJ0239,62000CJ0421
62002CJ0239,62001CJ0438
62008CJ0393,61972CJ0008
62008CJ0393,61974CJ0002
62008CJ0393,61990CJ0179
62008CJ0393,61994CJ0055
62008CJ0393,61999CJ0035
62008CJ0393,62003CJ0451
62008CJ0393,62004CJ0094
62008CJ0393,62005CJ0222
62008CJ0393,62007CJ0169
62008CJ0393,62007CJ0570
61994CJ0085,61989CJ0369
62015CJ0503,62004CJ0506
62015CJ0503,62011CJ0363
62015CJ0503,62013CJ0058
62015CJ0503,62013CJ0222
62015CJ0503,62013CJ0377
62015CJ0503,62013CO0555
62015CJ0503,62014CJ0032
62015CJ0503,62014CJ0049
62015CJ0503,62014CJ0203
62014CJ0049,61999CJ0088
62014CJ0049,62008CJ0040
62014CJ0049,62008CJ0384
62014CJ0049,62010CJ0618
62014CJ0049,62011CJ0415
62014CJ0049,62012CJ0413
62014CJ0049,62012CJ0470
62014CJ0049,62014CJ0169
62014CJ0157,62001CJ0491
62014CJ0157,62004CJ0154
62014CJ0157,62010CJ0544
62014CJ0157,62012CJ0609
62014CJ0157,62013CJ0269
62014CJ0157,62014CJ0195
62014CJ0157,62014CJ0207
62014CJ0157,62014CJ0452
62014CJ0169,62005CJ0168
62014CJ0169,62007CJ0514
62014CJ0169,62008CJ0040
62014CJ0169,62008CJ0317
62014CJ0169,62010CJ0069
62014CJ0169,62010CJ0618
62014CJ0169,62011CJ0199
62014CJ0169,62011CJ0415
62014CJ0169,62011CJ0472
62014CJ0169,62012CJ0413
62014CJ0169,62012CJ0470
62014CJ0169,62012CO0537
62014CJ0169,62013CJ0280
62014CJ0169,62014CO0169
62012CJ0470,61980CJ0244
62012CJ0470,61991CJ0083
62012CJ0470,61993CJ0422
62012CJ0470,61996CJ0314
62012CJ0470,61998CJ0240
62012CJ0470,61999CJ0372
62012CJ0470,62000CJ0473
62012CJ0470,62000CJ0480
62012CJ0470,62002CJ0151
62012CJ0470,62002CJ0225
62012CJ0470,62004CJ0237
62012CJ0470,62005CJ0168
62012CJ0470,62005CJ0222
62012CJ0470,62006CJ0210
62012CJ0470,62006CJ0445
62012CJ0470,62006CO0368
62012CJ0470,62008CJ0040
62012CJ0470,62008CJ0063
62012CJ0470,62008CJ0243
62012CJ0470,62010CJ0472
62012CJ0470,62010CO0076
62012CJ0470,62012CJ0361
62012CJ0470,62012CJ0413
62012CJ0470,62012CO0564
62010CJ0544,61978CJ0152
62010CJ0544,61990CJ0001
62010CJ0544,61994CJ0022
62010CJ0544,62000CJ0020
62010CJ0544,62002CJ0262
62010CJ0544,62002CJ0429
62010CJ0544,62003CJ0210
62010CJ0544,62006CJ0275
62010CJ0070,62006CJ0275
62010CJ0070,62009CJ0324
62015CJ0191,62000CJ0167
62015CJ0191,62010CJ0472
62015CJ0191,62012CJ0548
62015CJ0191,62013CJ0026
62015CJ0191,62014CJ0096
62015CJ0191,62014CJ0230
62015CJ0191,62014CJ0359
62010CJ0292,61979CJ0125
62010CJ0292,61993CJ0068
62010CJ0292,62003CJ0522
62010CJ0292,62007CJ0394
62010CJ0292,62008CJ0341
62010CJ0292,62009CJ0509
62010CJ0292,62010CJ0327
62010CJ0327,61979CJ0125
62010CJ0327,61984CJ0049
62010CJ0327,62002CJ0018
62010CJ0327,62002CJ0281
62010CJ0327,62007CJ0394
62010CJ0327,62008CJ0189
62010CJ0327,62009CJ0509
62011CJ0092,61986CJ0024
62011CJ0092,62003CJ0402
62011CJ0092,62004CJ0524
62011CJ0092,62005CJ0313
62011CJ0092,62008CJ0137
62011CJ0092,62009CJ0002
62011CJ0092,62010CJ0263
62011CJ0092,62010CJ0453
62011CJ0092,62010CJ0472
62011CJ0092,62011CJ0263
62014CJ0207,61977CJ0030
62014CJ0207,61981CJ0283
62014CJ0207,61998CJ0036
62014CJ0207,62003CJ0336
62014CJ0207,62005CJ0032
62014CJ0207,62010CJ0585
62014CJ0207,62011CJ0137
62014CJ0207,62012CJ0140
62014CJ0207,62012CJ0525
62010CJ0014,62000CJ0378
62010CJ0014,62007CJ0333
62010CJ0014,62008CJ0425
62010CJ0014,62009CJ0221
62010CJ0015,62000CJ0378
62010CJ0015,62007CJ0333
62010CJ0015,62008CJ0425
62010CJ0015,62009CJ0221
62010CJ0015,62009CJ0343
62001CJ0316,61996CJ0321
62015CJ0434,62009CJ0338
62015CJ0434,62014CJ0168
62015CJ0434,62014CJ0312
62015CJ0434,62014CJ0340
62015CJ0434,62014CJ0477
62015CJ0434,62015CJ0690
62015CJ0434,62016CJ0074
62015CJ0339,61998CJ0097
62015CJ0339,62000CJ0060
62015CJ0339,62006CJ0500
62015CJ0339,62007CJ0169
62015CJ0339,62008CJ0540
62015CJ0339,62009CJ0108
62015CJ0339,62011CJ0475
62015CJ0339,62013CJ0463
62015CJ0339,62014CJ0098
62015CJ0339,62014CJ0198
62015CJ0339,62014CJ0375
62015CJ0339,62014CJ0484
62015CJ0339,62015CJ0048
62015CJ0536,62009CJ0543
62015CJ0375,62011CJ0049
62015CJ0375,62015CJ0042
62015CJ0327,61990CJ0208
62015CJ0327,61997CJ0181
62015CJ0327,62000CJ0280
62015CJ0327,62008CJ0542
62015CJ0327,62009CJ0140
62015CJ0327,62009CJ0246
62015CJ0327,62009CJ0452
62015CJ0327,62010CJ0089
62015CJ0327,62010CJ0177
62015CJ0327,62010CJ0282
62015CJ0327,62012CJ0024
62015CJ0327,62012CJ0093
62015CJ0327,62013CJ0222
62015CJ0327,62014CJ0001
62015CJ0327,62014CJ0508
62015CJ0327,62015CJ0429
62014CJ0397,62002CJ0037
62014CJ0397,62008CJ0522
62014CJ0397,62012CJ0485
62014CJ0397,62014CJ0085
62014CJ0326,62008CJ0389
62014CJ0326,62011CJ0092
62014CJ0508,61965CJ0044
62014CJ0508,61995CJ0352
62014CJ0508,61996CJ0122
62014CJ0508,62000CJ0280
62014CJ0508,62001CJ0397
62014CJ0508,62002CJ0201
62014CJ0508,62007CJ0152
62014CJ0508,62008CJ0222
62014CJ0508,62008CJ0296
62014CJ0508,62008CJ0389
62014CJ0508,62008CJ0441
62014CJ0508,62009CO0143
62014CJ0508,62009CO0298
62014CJ0508,62012CJ0589
62014CJ0416,62008CJ0118
62014CJ0416,62009CO0492
62014CJ0416,62012CJ0071
62014CJ0416,62013CO0355
62014CJ0085,62007CJ0082
62014CJ0085,62007CJ0227
62014CJ0085,62008CJ0192
62014CJ0085,62008CJ0389
62014CJ0085,62011CJ0518
62014CJ0085,62013CJ0282
62013CJ0222,62004CJ0506
62013CJ0222,62007CO0109
62013CJ0222,62009CJ0517
62013CJ0222,62011CJ0175
62013CJ0222,62011CJ0394
62013CJ0222,62013CJ0058
62013CJ0222,62013CO0049
62013CJ0222,62013CO0555
62010CJ0360,62006CJ0275
62010CJ0360,62010CJ0070
62009CJ0324,61989CJ0106
62009CJ0324,61993CJ0430
62009CJ0324,61999CJ0414
62009CJ0324,62001CJ0206
62009CJ0324,62002CJ0245
62009CJ0324,62003CJ0016
62009CJ0324,62005CJ0222
62009CJ0324,62006CJ0275
62009CJ0324,62007CJ0298
62009CJ0324,62007CJ0378
62009CJ0324,62007CJ0487
62009CJ0324,62007CJ0495
62009CJ0324,62008CJ0059
62009CJ0324,62008CJ0145
62009CJ0324,62008CJ0236
62009CJ0324,62008CJ0278
62009CJ0324,62008CJ0324
62009CJ0324,62008CJ0558
62009CJ0324,62008CJ0585
62009CJ0324,62008CO0062
62009CJ0324,62009CJ0127
62009CJ0543,62003CJ0109
62009CJ0543,62007CJ0424
62009CJ0543,62008CJ0522
62009CJ0543,62009CJ0092
62010CJ0134,61996CJ0392
62010CJ0134,62004CJ0221
62010CJ0134,62005CJ0148
62010CJ0134,62006CJ0066
62010CJ0134,62006CJ0250
62010CJ0134,62007CJ0336
62010CJ0134,62007CJ0475
62010CJ0016,62003CJ0475
62008CJ0389,62005CJ0216
62008CJ0389,62006CJ0251
62008CJ0389,62006CJ0268
62008CJ0389,62007CJ0082
62008CJ0389,62007CJ0220
62009CJ0154,61999CJ0144
62009CJ0154,62003CJ0314
62009CJ0154,62003CJ0531
62009CJ0154,62004CJ0033
62009CJ0154,62007CJ0220
62009CJ0154,62007CJ0272
62009CJ0154,62007CJ0292
62009CJ0154,62009CJ0120
62009CJ0154,62009CJ0311
62008CJ0222,62007CJ0220
62009CJ0099,62004CJ0438
62008CJ0545,62001CJ0020
62008CJ0545,62001CJ0028
62008CJ0545,62001CJ0476
62008CJ0545,62002CJ0394
62008CJ0545,62005CJ0036
62008CJ0545,62006CJ0262
62008CJ0545,62007CJ0475
62008CJ0545,62008CJ0005
62008CJ0545,62008CJ0165
62008CJ0317,61988CJ0322
62008CJ0317,61998CJ0379
62008CJ0317,62001CJ0207
62008CJ0317,62004CJ0094
62008CJ0317,62005CJ0028
62008CJ0317,62005CJ0119
62008CJ0317,62006CJ0268
62008CJ0317,62007CJ0414
62008CJ0317,62008CJ0012
62008CJ0317,62008CJ0063
62008CJ0522,62007CJ0261
62008CJ0522,62007CJ0299
62007CJ0424,61993CJ0359
62007CJ0424,62005CJ0148
62007CJ0424,62005CJ0380
62007CJ0424,62006CJ0055
62007CJ0424,62007CJ0227
62007CJ0458,61969CJ0077
62007CJ0458,61997CJ0387
62007CJ0458,61999CJ0392
62007CJ0458,62000CJ0129
62007CJ0458,62000CJ0418
62007CJ0458,62003CJ0433
62007CJ0458,62006CJ0319
62007CJ0458,62007CJ0396
62007CJ0539,62000CJ0103
62007CJ0539,62001CJ0323
62007CJ0539,62001CJ0352
62007CJ0539,62002CJ0022
62007CJ0539,62007CJ0040
62006CJ0141,62003CJ0433
62006CJ0127,62000CJ0110
62006CJ0127,62003CJ0266
62004CJ0033,61992CJ0317
62004CJ0033,61994CJ0061
62004CJ0033,61996CJ0035
62004CJ0033,61997CJ0365
62004CJ0033,61999CJ0333
62004CJ0033,61999CJ0474
62004CJ0033,62000CJ0363
62004CJ0033,62001CJ0145
62004CJ0033,62002CJ0394
62004CJ0033,62003CJ0287
62004CJ0033,62003CJ0433
62004CJ0033,62003CJ0456
61996CJ0410,61994CJ0178
62003CJ0210,61981CJ0052
62003CJ0210,61983CJ0015
62003CJ0210,61985CJ0137
62003CJ0210,61987CJ0165
62003CJ0210,61987CJ0265
62003CJ0210,61988CJ0331
62003CJ0210,61992CJ0037
62003CJ0210,61992CJ0339
62003CJ0210,61992CJ0350
62003CJ0210,61992CJ0359
62003CJ0210,61993CJ0051
62003CJ0210,61993CJ0280
62003CJ0210,61994CJ0084
62003CJ0210,61994CJ0122
62003CJ0210,61994CJ0233
62003CJ0210,61996CJ0114
62003CJ0210,61996CJ0157
62003CJ0210,61997CJ0110
62003CJ0210,61997CJ0293
62003CJ0210,61998CJ0017
62003CJ0210,61998CJ0376
62003CJ0210,61998CJ0377
62003CJ0210,61999CJ0100
62003CJ0210,61999CJ0309
62003CJ0210,61999CJ0324
62003CJ0210,62000CJ0210
62003CJ0210,62000CJ0470
62003CJ0210,62001CJ0304
62003CJ0210,62001CJ0491
62003CJ0210,62002CJ0037
62003CJ0210,62002CJ0184
62002CJ0434,61983CJ0015
62002CJ0434,61985CJ0137
62002CJ0434,61992CJ0339
62002CJ0434,61992CJ0350
62002CJ0434,61992CJ0359
62002CJ0434,61993CJ0051
62002CJ0434,61994CJ0084
62002CJ0434,61994CJ0122
62002CJ0434,61994CJ0233
62002CJ0434,61996CJ0114
62002CJ0434,61996CJ0157
62002CJ0434,61998CJ0017
62002CJ0434,61998CJ0376
62002CJ0434,61998CJ0377
62002CJ0434,61999CJ0100
62002CJ0434,61999CJ0309
62002CJ0434,62000CJ0210
62002CJ0434,62000CJ0470
62002CJ0434,62001CJ0304
62002CJ0434,62001CJ0491
62002CJ0434,62002CJ0184
62001CJ0491,61964CJ0056
62001CJ0491,61975CJ0111
62001CJ0491,61985CJ0137
62001CJ0491,61987CJ0165
62001CJ0491,61987CJ0265
62001CJ0491,61988CJ0331
62001CJ0491,61989CJ0300
62001CJ0491,61991CJ0222
62001CJ0491,61991CJ0267
62001CJ0491,61992CJ0011
62001CJ0491,61992CJ0339
62001CJ0491,61992CJ0350
62001CJ0491,61993CJ016
62001CJ0491,61993CJ0280
62001CJ0491,61994CJ0084
62001CJ0491,61994CJ0122
62001CJ0491,61994CJ0233
62001CJ0491,61995CJ0373
62001CJ0491,61995CJ0408
62001CJ0491,61996CJ0048
62001CJ0491,61996CJ0149
62001CJ0491,61996CJ0157
62001CJ0491,61996CJ0180
62001CJ0491,61997CJ0042
62001CJ0491,61997CJ0110
62001CJ0491,61997CJ0269
62001CJ0491,61997CJ0293
62001CJ0491,61997CJ0301
62001CJ0491,61998CJ0036
62001CJ0491,61998CJ0156
62001CJ0491,61998CJ0223
62001CJ0491,61998CJ0301
62001CJ0491,61998CJ0376
62001CJ0491,61998CJ0377
62001CJ0491,61999CJ0100
62001CJ0491,61999CJ0191
62001CJ0491,61999CJ0430
62001CJ0491,62000CJ0027
62001CJ0491,62000CJ0050
62001CJ0491,62000CJ0210
62016CJ0392,62004CJ0302
62016CJ0392,62012CJ0062
62016CJ0392,62012CJ0125
62016CJ0392,62016CJ0097
62010CJ0602,62004CJ0452
62010CJ0602,62006CJ0450
62010CJ0602,62008CJ0317
62010CJ0602,62008CJ0565
62010CJ0602,62009CJ0291
62010CJ0602,62010CJ0310
62010CJ0602,62010CO0076
62009CJ0108,61974CJ0008
62009CJ0108,61991CJ0267
62009CJ0108,61992CJ0271
62009CJ0108,61992CJ0275
62009CJ0108,62001CJ0322
62009CJ0108,62003CJ0020
62009CJ0108,62005CJ0110
62009CJ0108,62007CJ0570
62007CJ0205,61978CJ0120
62007CJ0205,61979CJ0015
62007CJ0205,62001CJ0322
62007CJ0205,62004CJ0158
62007CJ0205,62004CJ0441
62007CJ0205,62006CJ0017
62006CJ0244,61974CJ0008
62006CJ0244,61978CJ0120
62006CJ0244,61990CJ0344
62006CJ0244,61991CJ0267
62006CJ0244,61992CJ0292
62006CJ0244,61992CJ0391
62006CJ0244,61995CJ0368
62006CJ0244,61997CJ0033
62006CJ0244,61997CJ0124
62006CJ0244,61998CJ0058
62006CJ0244,61998CJ0254
62006CJ0244,61999CJ0390
62006CJ0244,61999CJ0475
62006CJ0244,62000CJ0112
62006CJ0244,62000CJ0416
62006CJ0244,62001CJ0095
62006CJ0244,62001CJ0322
62006CJ0244,62001CJ0420
62006CJ0244,62002CJ0014
62006CJ0244,62002CJ0036
62006CJ0244,62003CJ0136
62006CJ0244,62003CJ0540
62006CJ0244,62004CJ0419
62006CJ0244,62004CJ0434
62006CJ0244,62004CJ0441
62006CJ0244,62005CJ0438
62006CJ0244,62006CJ0143
62000CJ0421,61989CJ0241
62000CJ0421,61990CJ0320
62000CJ0421,61997CJ0077
62000CJ0421,61998CJ0368
62000CJ0421,61998CJ0465
62000CJ0421,61999CJ0324
62000CJ0421,62000CJ0221
62000CJ0421,62001CJ0099
62001CJ0099,61988CJ0150
62001CJ0099,61992CJ0037
62001CJ0099,61996CJ0001
62001CJ0099,61996CJ0102
62001CJ0099,61997CJ0077
62001CJ0099,61997CJ0112
62001CJ0099,61998CJ0220
62001CJ0099,61999CJ0324
61998CJ0366,61986CJ0286
61998CJ0366,61989CJ0369
61998CJ0366,61994CJ0085
61998CJ0366,61996CJ0184
61998CJ0366,61996CJ0210
61998CJ0366,61996CJ0385
61998CJ0366,61997CJ0424
61997CJ0383,61974CJ0008
61997CJ0383,61978CJ0120
61997CJ0383,61989CJ0269
61997CJ0383,61991CJ0267
61997CJ0383,61995CJ0368
61994CJ0051,61984CJ0182
61994CJ0051,61984CJ0216
61994CJ0051,61991CJ0267
61993CJ0017,61974CJ0008
61993CJ0017,61977CJ0005
61993CJ0017,61978CJ0120
61993CJ0017,61980CJ0130
61993CJ0017,61982CJ0237
61993CJ0017,61983CJ0097
61993CJ0017,61984CJ0178
61993CJ0017,61986CJ0076
61993CJ0017,61990CJ0039
61989CJ0369,61989CJ0231
61989CJ0369,61989CJ0373
61989CJ0241,61974CJ0008
61989CJ0241,61978CJ0120
61989CJ0241,61981CJ0261
61989CJ0241,61981CJ0286
61989CJ0241,61984CJ0178
61989CJ0241,61986CJ0098
61988CJ0362,61978CJ0120
61988CJ0362,61979CJ0788
61988CJ0362,61980CJ0193
61988CJ0362,61981CJ0286
61988CJ0362,61984CJ0178
61987CJ0382,61978CJ0120
61987CJ0382,61981CJ0286
61987CJ0382,61985CJ0407
61987CJ0298,61974CJ0008
61987CJ0298,61978CJ0120
61987CJ0298,61980CJ0027
61987CJ0298,61981CJ0261
61987CJ0298,61984CJ0178
61987CJ0298,61984CJ0216
61984CJ0176,61974CJ0008
61984CJ0176,61978CJ0120
61984CJ0176,61981CJ0261
61984CJ0176,61982CJ0174
61984CJ0176,61984CJ0247
61984CJ0176,61984CJ0304
61984CJ0178,61974CJ0008
61984CJ0178,61978CJ0120
61984CJ0178,61978CJ0170
61984CJ0178,61980CJ0193
61984CJ0178,61981CJ0261
61984CJ0178,61982CJ0174
61984CJ0178,61984CJ0247
61984CJ0178,61984CJ0304
61986CJ0098,61985CJ0355
61982CJ0227,61982CJ0174
61982CJ0094,61978CJ0120
61981CJ0286,61978CJ0120
61981CJ0261,61978CJ0120
61981CJ0261,61980CJ0244
61981CJ0006,61978CJ0120
61981CJ0006,61980CJ0113
61980CJ0193,61978CJ0120
61980CJ0193,61979CJ0788
61980CJ0113,61974CJ0008
61980CJ0113,61974CJ0012
61980CJ0113,61976CJ0046
61980CJ0113,61978CJ0120
61980CJ0113,61979CJ0788
61980CJ0113,61980CJ0130
62009CJ0323,62000CJ0292
62009CJ0323,62001CJ0206
62009CJ0323,62001CJ0408
62009CJ0323,62006CJ0017
62009CJ0323,62006CJ0284
62009CJ0323,62006CJ0533
62009CJ0323,62007CJ0487
62009CJ0323,62008CJ0059
62009CJ0323,62008CJ0236
62009CJ0323,62008CJ0278
62009CJ0323,62008CJ0558
62009CJ0323,62008CO0062
62009CJ0323,62009CJ0221
62009CJ0323,62009CJ0229
62009CJ0323,62009CJ0324
62009CJ0323,62009CO0091
62007CJ0487,61998CJ0425
62007CJ0487,61999CJ0112
62007CJ0487,62000CJ0002
62007CJ0487,62000CJ0292
62007CJ0487,62001CJ0044
62007CJ0487,62001CJ0206
62007CJ0487,62001CJ0408
62007CJ0487,62002CJ0153
62007CJ0487,62002CJ0245
62007CJ0487,62005CJ0048
62007CJ0487,62005CJ0381
62007CJ0487,62006CJ0347
62007CJ0487,62006CJ0533
62007CJ0487,62007CJ0102
62007CJ0487,62007CJ0252
62006CJ0533,61997CJ0342
62006CJ0533,61998CJ0425
62006CJ0533,61999CJ0112
62006CJ0533,62001CJ0044
62006CJ0533,62001CJ0206
62006CJ0533,62002CJ0245
62006CJ0533,62004CJ0120
62006CJ0533,62005CJ0048
62006CJ0533,62005CJ0381
62006CJ0533,62006CJ0017
62016CJ0016,61970CJ0022
62016CJ0016,61983CJ0294
62016CJ0016,61988CJ0070
62016CJ0016,61988CJ0322
62016CJ0016,61995CJ0296
62016CJ0016,62001CJ0152
62016CJ0016,62008CJ0261
62016CJ0016,62013CJ0031
62016CJ0016,62014CJ0073
62016CJ0016,62014CJ0258
62016CJ0016,62015CJ0173
62016CJ0016,62015CJ0593
62016CJ0016,62015CJ0599
62015CJ0598,62011CJ0415
62015CJ0598,62013CJ0034
62015CJ0598,62014CJ0032
62015CJ0598,62014CJ0049
62015CJ0596,61971CJ0008
62015CJ0596,61983CJ0013
62015CJ0596,61985CJ0081
62015CJ0596,61987CJ0302
62015CJ0596,61989CO0206
62015CJ0596,61999CO0249
62015CJ0596,62003CJ0442
62015CJ0596,62005CJ0362
62015CJ0596,62006CJ0373
62015CJ0596,62009CJ0401
62015CJ0596,62012CJ0196
62015CJ0596,62012CJ0269
62015CJ0596,62013CJ0506
62015CJ0596,62013CJ0682
62015CJ0596,62014CJ0033
62015CJ0596,62015CJ0019
62015CJ0596,62015CJ0517
62016CJ0186,62008CJ0484
62016CJ0186,62011CJ0092
62016CJ0186,62011CJ0415
62016CJ0186,62013CJ0026
62016CJ0186,62013CJ0034
62016CJ0186,62013CJ0058
62016CJ0186,62013CJ0143
62016CJ0186,62014CJ0096
62016CJ0186,62014CJ0348
62016CJ0186,62014CJ0421
62016CJ0186,62015CJ0072
62016CJ0186,62015CJ0154
62016CJ0186,62015CJ0499
62016CJ0357,62011CJ0435
62016CJ0133,62006CJ0404
62016CJ0133,62011CJ0166
62016CJ0133,62013CJ0497
62015CJ0621,61982CJ0199
62015CJ0621,61996CJ0343
62015CJ0621,62000CJ0129
62015CJ0621,62001CJ0276
62015CJ0621,62003CJ0173
62015CJ0621,62005CJ0150
62015CJ0621,62008CJ0358
62015CJ0621,62013CJ0310
62015CJ0621,62013CJ0503
62015CJ0621,62014CJ0074
62015CJ0621,62014CJ0310
62016CJ0075,62008CJ0317
62016CJ0075,62011CJ0032
62016CJ0075,62013CJ0561
62016CJ0075,62016CJ0638
62016CJ0296,61978CJ0120
62016CJ0296,61984CJ0216
62016CJ0296,62001CJ0491
62016CJ0296,62010CJ0544
62016CJ0296,62013CJ0398
62016CJ0296,62014CJ0157
62016CJ0296,62015CJ0442
62016CJ0296,62015CO0637
62016CJ0146,62010CJ0122
62015CJ0568,62007CJ0489
62015CJ0568,62008CJ0511
62015CJ0568,62015CJ0412
62015CJ0562,61999CJ0112
62015CJ0562,62001CJ0044
62015CJ0562,62004CJ0356
62015CJ0562,62009CJ0159
62015CJ0562,62010CJ0122
62014CJ0421,61999CJ0088
62014CJ0421,62008CJ0040
62014CJ0421,62008CJ0137
62014CJ0421,62008CJ0243
62014CJ0421,62008CJ0384
62014CJ0421,62010CJ0618
62014CJ0421,62011CJ0415
62014CJ0421,62011CJ0488
62014CJ0421,62013CJ0026
62014CJ0421,62013CJ0280
62014CJ0421,62013CJ0482
62014CJ0421,62013CO0602
62014CJ0421,62014CJ0008
62014CJ0421,62014CJ0169
62014CJ0421,62014CJ0348
62014CJ0421,62014CO0421
62014CJ0421,62015CJ0154
62015CJ0154,61985CJ0309
62015CJ0154,62008CJ0040
62015CJ0154,62008CJ0484
62015CJ0154,62008CJ0542
62015CJ0154,62009CJ0173
62015CJ0154,62010CJ0618
62015CJ0154,62011CJ0092
62015CJ0154,62011CJ0397
62015CJ0154,62011CJ0415
62015CJ0154,62011CJ0488
62015CJ0154,62013CJ0026
62015CJ0154,62013CJ0482
62015CJ0154,62014CJ0441
62015CJ0154,62014CJ0554
62015CJ0154,62014CJ0614
62015CJ0667,62012CJ0515
62015CJ0127,62013CJ0449
62015CJ0127,62014CJ0377
62015CJ0042,62010CJ0602
62015CJ0042,62010CO0076
62015CJ0042,62011CJ0049
62015CJ0042,62012CJ0565
62015CJ0042,62013CJ0449
62015CJ0042,62014CJ0348
62015CJ0042,62014CJ0377
62015CJ0149,62010CJ0034
62015CJ0149,62012CJ0032
62015CJ0149,62013CJ0497
62015CJ0149,62014CJ0110
62015CJ0149,62014CJ0494
62015CJ0149,62015CO0074
62014CJ0611,61983CJ0014
62014CJ0611,62001CJ0397
62014CJ0611,62007CJ0261
62014CJ0611,62010CJ0122
62014CJ0611,62010CJ0177
62014CJ0611,62011CJ0435
62014CJ0611,62014CJ0441
62015CJ0113,61988CJ0372
62015CJ0113,62004CJ0094
62015CJ0113,62005CJ0315
62015CJ0113,62011CJ0558
62015CJ0113,62014CJ0195
62015CJ0113,62014CJ0397
62015CJ0113,62014CJ0483
62015CJ0113,62015CJ0112
62014CJ0484,61985CJ0352
62014CJ0484,61996CJ0051
62014CJ0484,62006CJ0275
62014CJ0484,62010CJ0052
62014CJ0484,62010CJ0070
62014CJ0484,62012CJ0314
62014CJ0484,62013CJ0291
62014CJ0484,62013CJ0580
62015CJ0310,62007CJ0261
62015CJ0310,62011CJ0435
62015CJ0310,62012CJ0281
62015CJ0310,62013CJ0026
62015CJ0168,61990CJ0006
62015CJ0168,61993CJ0046
62015CJ0168,61998CJ0240
62015CJ0168,62000CJ0473
62015CJ0168,62001CJ0224
62015CJ0168,62003CJ0173
62015CJ0168,62004CJ0446
62015CJ0168,62005CJ0168
62015CJ0168,62006CJ0445
62015CJ0168,62008CJ0040
62015CJ0168,62008CJ0243
62015CJ0168,62009CJ0429
62015CJ0168,62010CJ0618
62015CJ0168,62010CO0076
62015CJ0168,62011CJ0420
62015CJ0168,62011CJ0472
62015CJ0168,62012CJ0470
62015CJ0168,62014CJ0032
62015CJ0168,62014CJ0160
62014CJ0476,62012CJ0421
62014CJ0476,62012CJ0487
62014CJ0476,62013CJ0544
62014CJ0377,62000CJ0473
62014CJ0377,62002CJ0264
62014CJ0377,62005CJ0429
62014CJ0377,62007CJ0188
62014CJ0377,62008CJ0227
62014CJ0377,62008CJ0243
62014CJ0377,62010CJ0282
62014CJ0377,62010CO0076
62014CJ0377,62011CJ0472
62014CJ0377,62011CJ0488
62014CJ0377,62012CJ0032
62014CJ0377,62012CJ0226
62014CJ0377,62012CJ0470
62014CJ0377,62012CJ0565
62014CJ0377,62013CJ0034
62014CJ0377,62013CJ0449
62014CJ0377,62013CJ0482
62014CJ0377,62013CJ0497
62014CJ0377,62013CJ0567
62014CJ0377,62014CJ0032
62014CJ0377,62014CJ0049
62014CJ0377,62014CJ0348
62014CJ0381,62008CJ0040
62014CJ0381,62010CJ0453
62014CJ0381,62010CJ0472
62014CJ0381,62011CJ0472
62014CJ0381,62012CJ0413
62014CJ0381,62014CJ0008
62014CJ0008,62008CJ0040
62014CJ0008,62010CJ0069
62014CJ0008,62010CJ0618
62014CJ0008,62011CJ0415
62014CJ0008,62013CJ0026
62014CJ0008,62013CJ0280
62014CJ0008,62013CJ0482
62014CJ0008,62014CJ0169
62014CJ0032,62010CJ0618
62014CJ0032,62011CJ0415
62014CJ0032,62011CJ0472
62014CJ0032,62011CJ0488
62014CJ0032,62012CJ0470
62014CJ0032,62012CO0537
62014CJ0032,62013CJ0034
62014CJ0032,62013CJ0280
62014CJ0032,62014CJ0169
62014CJ0110,61989CJ0361
62014CJ0110,62011CJ0488
62014CJ0110,62013CJ0492
62014CJ0110,62013CJ0497
62014CJ0110,62013CJ0537
62014CJ0110,62014CJ0169
62014CJ0348,61998CJ0208
62014CJ0348,62002CJ0237
62014CJ0348,62002CJ0264
62014CJ0348,62008CJ0040
62014CJ0348,62008CJ0137
62014CJ0348,62008CJ0484
62014CJ0348,62010CJ0472
62014CJ0348,62010CO0076
62014CJ0348,62011CJ0092
62014CJ0348,62011CJ0415
62014CJ0348,62012CO0537
62014CJ0348,62013CJ0026
62014CJ0348,62014CJ0169
62013CJ0497,62005CJ0168
62013CJ0497,62005CJ0429
62013CJ0497,62008CJ0040
62013CJ0497,62012CJ0565
62013CJ0497,62013CJ0034
62014CJ0096,61996CJ0349
62014CJ0096,61999CJ0240
62014CJ0096,62006CJ0013
62014CJ0096,62008CJ0484
62014CJ0096,62010CO0076
62014CJ0096,62011CJ0092
62014CJ0096,62013CJ0026
62014CJ0096,62013CJ0034
62014CJ0096,62013CJ0143
62013CJ0388,62008CJ0304
62013CJ0388,62008CJ0540
62013CJ0388,62011CJ0206
62013CJ0388,62011CJ0428
62013CJ0388,62011CJ0435
62013CJ0388,62012CJ0059
62013CJ0388,62012CJ0265
62013CJ0388,62012CJ0281
62013CJ0503,61999CJ0203
62013CJ0143,61996CJ0314
62013CJ0143,62002CJ0225
62013CJ0143,62010CJ0472
62013CJ0143,62011CO0155
62013CJ0143,62013CJ0026
62013CJ0567,62006CJ0268
62013CJ0567,62008CJ0040
62013CJ0567,62011CJ0397
62013CJ0567,62012CJ0093
62013CJ0567,62012CJ0413
62013CJ0567,62012CJ0470
62013CJ0482,62010CJ0618
62013CJ0482,62011CJ0415
62013CJ0482,62011CJ0488
62013CJ0482,62013CJ0026
62013CJ0482,62013CO0342
62013CJ0537,62004CJ0094
62013CJ0537,62011CJ0415
62013CJ0537,62011CJ0488
62013CJ0537,62012CJ0059
62013CJ0537,62012CJ0226
62013CJ0537,62013CO0342
62013CJ0449,62012CJ0501
62013CJ0449,62012CJ0565
62013CJ0449,62013CJ0034
62013CJ0310,62010CJ0495
62013CJ0034,61977CJ0106
62013CJ0034,62008CJ0040
62013CJ0034,62010CJ0618
62013CJ0034,62011CJ0092
62013CJ0034,62011CJ0415
62013CJ0034,62011CJ0488
62013CJ0034,62012CJ0413
62013CJ0034,62012CJ0470
62013CJ0034,62012CJ0565
62013CJ0034,62013CJ0026
62013CJ0034,62013CJ0342
62013CJ0034,62014CJ0169
62012CJ0421,61988CJ0362
62012CJ0421,61999CJ0144
62012CJ0421,62000CJ0450
62012CJ0421,62002CJ087
62012CJ0421,62003CJ0168
62012CJ0421,62003CJ0456
62012CJ0421,62003CJ0482
62012CJ0421,62004CJ0375
62012CJ0421,62005CJ0152
62012CJ0421,62007CJ0205
62012CJ0421,62008CJ0282
62012CJ0421,62008CJ0304
62012CJ0421,62008CJ0540
62012CJ0421,62009CJ0185
62012CJ0421,62011CJ0150
62012CJ0421,62011CO0126
62013CJ0026,62008CJ0484
62013CJ0026,62010CJ0453
62013CJ0026,62010CJ0472
62013CJ0026,62010CJ0618
62013CJ0026,62011CJ0092
62013CJ0026,62012CJ0279
62013CJ0026,62012CJ0351
62012CJ0515,62008CJ0569
62012CJ0515,62011CJ0206
62012CJ0515,62011CJ0428
62012CJ0565,61992CJ0382
62012CJ0565,62002CJ0387
62012CJ0565,62011CJ0418
62012CJ0565,62012CJ0279
62012CJ0565,62012CJ0351
62012CJ0226,62011CJ0092
62012CJ0226,62011CJ0415
62012CJ0226,62011CJ0472
62012CJ0281,61997CJ0149
62012CJ0281,62007CJ0261
62012CJ0281,62008CJ0451
62012CJ0281,62010CJ0453
62012CJ0281,62011CJ0435
62012CJ0413,62000CJ0167
62012CJ0413,62008CJ0040
62012CJ0413,62008CJ0243
62012CJ0413,62009CJ0279
62012CJ0413,62010CJ0618
62012CJ0413,62011CJ0415
62012CJ0413,62011CJ0565
62012CJ0413,62012CJ0093
62012CJ0391,61995CJ0368
62012CJ0391,62007CJ0261
62012CJ0391,62008CJ0304
62012CJ0391,62008CJ0540
62012CJ0391,62010CO0288
62012CJ0059,61991CJ0089
62012CJ0059,61998CJ0287
62012CJ0059,62001CJ0040
62012CJ0059,62008CJ0540
62012CJ0059,62010CJ0122
62012CJ0059,62010CJ0271
62012CJ0059,62011CJ0435
62012CJ0032,62006CJ0404
62012CJ0032,62009CJ0065
62012CJ0032,62010CJ0282
62012CJ0032,62010CJ0618
62012CJ0032,62011CJ0415
62012CJ0032,62011CJ0472
62011CJ0435,62007CJ0261
62011CJ0435,62008CJ0304
62011CJ0435,62008CJ0540
62011CJ0435,62010CJ0122
62011CJ0435,62010CJ0453
62012CJ0265,61981CJ0286
62012CJ0265,61983CJ0220
62012CJ0265,61999CJ0205
62012CJ0265,61999CJ0439
62012CJ0265,62001CJ0322
62012CJ0265,62005CJ0341
62012CJ0265,62007CJ0261
62012CJ0265,62007CJ0570
62012CJ0265,62008CJ0304
62012CJ0265,62010CJ0357
62011CJ0313,62005CJ0152
62011CJ0313,62008CJ0508
62011CJ0313,62012CJ0286
62012CJ0299,62010CJ0544
62011CJ0657,61997CJ0159
62011CJ0657,61999CJ0112
62011CJ0657,62003CJ0321
62011CJ0657,62005CJ0154
62011CJ0657,62005CJ0329
62011CJ0657,62006CJ0275
62011CJ0657,62007CJ0487
62011CJ0657,62008CJ0236
62011CJ0657,62009CJ0159
62011CJ0397,61996CJ0054
62011CJ0397,61999CJ0462
62011CJ0397,62008CJ0040
62011CJ0397,62008CJ0243
62011CJ0397,62010CJ0453
62011CJ0397,62010CJ0472
62011CJ0397,62010CJ0618
62011CJ0397,62010CO0076
62011CJ0397,62011CJ0396
62011CJ0397,62011CJ0472
62011CJ0397,62011CJ0488
62011CJ0472,62008CJ0013
62011CJ0472,62008CJ0040
62011CJ0472,62008CJ0089
62011CJ0472,62008CJ0243
62011CJ0472,62010CJ0618
62011CJ0415,61999CJ0088
62011CJ0415,62002CJ0237
62011CJ0415,62005CJ0168
62011CJ0415,62005CJ0432
62011CJ0415,62008CJ0040
62011CJ0415,62008CJ0137
62011CJ0415,62008CJ0243
62011CJ0415,62008CJ0384
62011CJ0415,62010CJ0472
62011CJ0415,62010CJ0618
62011CJ0415,62010CO0076
62011CJ0206,62008CJ0304
62011CJ0206,62008CJ0540
62011CJ0206,62011CO0559
62011CJ0428,61989CJ0106
62011CJ0428,62001CJ0397
62011CJ0428,62001CJ0398
62011CJ0428,62001CJ0399
62011CJ0428,62001CJ0400
62011CJ0428,62001CJ0401
62011CJ0428,62001CJ0402
62011CJ0428,62001CJ0403
62011CJ0428,62001CJ0404
62011CJ0428,62007CJ0261
62011CJ0428,62007CJ0299
62011CJ0428,62010CJ0069
62011CJ0049,62003CJ0336
62010CJ0618,61998CJ0107
62010CJ0618,61998CJ0240
62010CJ0618,62000CJ0473
62010CJ0618,62003CJ0145
62010CJ0618,62004CJ0094
62010CJ0618,62005CJ0119
62010CJ0618,62005CJ0168
62010CJ0618,62007CJ0011
62010CJ0618,62007CJ0213
62010CJ0618,62007CJ0482
62010CJ0618,62007CJ0570
62010CJ0618,62008CJ0040
62010CJ0618,62008CJ0137
62010CJ0618,62008CJ0243
62010CJ0618,62008CJ0484
62010CJ0618,62010CJ0125
62010CJ0618,62010CJ0453
62010CJ0618,62010CO0076
62010CJ0472,61999CJ0372
62010CJ0472,62005CJ0168
62010CJ0472,62008CJ0137
62010CJ0472,62008CJ0243
62010CJ0472,62010CJ0453
62010CJ0472,62010CO0076
62010CJ0453,62002CJ0237
62010CJ0453,62005CJ0168
62010CJ0453,62008CJ0040
62010CJ0453,62008CJ0137
62010CJ0453,62008CJ0243
62010CJ0453,62008CJ0304
62010CJ0453,62008CJ0484
62010CJ0453,62008CJ0540
62010CJ0453,62010CO0076
62011CJ0166,61981CJ0064
62011CJ0166,61999CJ0481
62011CJ0166,62006CJ0412
62011CJ0166,62007CJ0098
62011CJ0166,62008CJ0215
62011CJ0134,61994CJ0178
62011CJ0134,61997CJ0140
62010CJ0495,61999CJ0203
62010CJ0495,62000CJ0052
62010CJ0495,62000CJ0154
62010CJ0495,62000CJ0183
62010CJ0495,62003CJ0402
62010CJ0495,62008CJ0285
62009CJ0065,62004CJ0419
62009CJ0065,62005CJ0119
62009CJ0065,62006CJ0404
62009CJ0065,62009CJ0052
62010CJ0122,62004CJ0356
62010CJ0122,62007CJ0299
62010CJ0122,62009CJ0159
62009CJ0047,62000CJ0012
62009CJ0047,62000CJ0014
62009CJ0159,62001CJ0044
62009CJ0159,62004CJ0356
62009CJ0159,62005CJ0381
62009CJ0159,62007CJ0487
62008CJ0540,62008CJ0304
62008CJ0137,61988CJ0322
62008CJ0137,61989CJ0231
62008CJ0137,61995CJ0261
62008CJ0137,61996CJ0314
62008CJ0137,61998CJ0240
62008CJ0137,62005CJ0011
62008CJ0137,62005CJ0168
62008CJ0137,62006CJ0002
62008CJ0137,62006CJ0210
62008CJ0137,62008CJ0040
62008CJ0137,62008CJ0243
62008CJ0137,62008CJ0484
62008CJ0484,61980CJ0244
62008CJ0484,61981CJ0322
62008CJ0484,61989CJ0339
62008CJ0484,61995CJ0085
62008CJ0484,61998CJ0240
62008CJ0484,61999CJ0009
62008CJ0484,61999CJ0144
62008CJ0484,61999CJ0478
62008CJ0484,62002CJ0237
62008CJ0484,62003CJ0145
62008CJ0484,62005CJ0119
62008CJ0484,62005CJ0168
62008CJ0484,62007CJ0011
62008CJ0484,62007CJ0567
62008CJ0484,62008CJ0314
62008CJ0215,61993CJ0415
62008CJ0215,61999CJ0481
62008CJ0215,62003CJ0350
62008CJ0215,62004CJ0466
62008CJ0215,62005CJ0380
62008CJ0215,62006CJ0412
62008CJ0511,61995CJ0296
62008CJ0511,61996CJ0321
62008CJ0511,61997CJ0437
62008CJ0511,62005CJ0457
62008CJ0511,62007CJ0239
62008CJ0511,62007CJ0375
62008CJ0511,62007CJ0489
62008CJ0511,62008CJ0199
62008CJ0304,61993CJ0415
62008CJ0304,61998CJ0097
62008CJ0304,61998CJ0379
62008CJ0304,62001CJ0018
62008CJ0304,62005CJ0295
62008CJ0304,62006CJ0212
62008CJ0304,62007CJ0261
62008CJ0227,61993CJ0430
62008CJ0227,61999CJ0481
62008CJ0227,62003CJ0350
62008CJ0227,62005CJ0222
62008CJ0227,62006CJ0412
62008CJ0227,62008CJ0243
62008CJ0358,61998CJ0366
62008CJ0358,62004CJ0127
62008CJ0358,62005CJ0051
62008CJ0358,62007CJ0446
62008CJ0358,62008CJ0201
62008CJ0040,61976CJ0033
62008CJ0040,61993CJ0312
62008CJ0040,61993CJ0430
62008CJ0040,61995CJ0261
62008CJ0040,61997CJ0126
62008CJ0040,61998CJ0078
62008CJ0040,61998CJ0240
62008CJ0040,62000CJ0255
62008CJ0040,62000CJ0327
62008CJ0040,62001CJ0224
62008CJ0040,62004CJ0234
62008CJ0040,62005CJ0168
62008CJ0040,62006CJ0002
62008CJ0040,62008CJ0002
62008CJ0040,62008CJ0040
62008CJ0040,62008CJ0243
62008CJ0285,62000CJ0052
62008CJ0285,62000CJ0154
62008CJ0285,62000CJ0183
62008CJ0285,62003CJ0402
62008CJ0285,62008CJ0285
62007CJ0261,61993CJ0415
62007CJ0261,61996CJ0129
62007CJ0261,61998CJ0379
62007CJ0261,62001CJ0018
62007CJ0261,62002CJ0014
62007CJ0261,62004CJ0144
62007CJ0261,62004CJ0212
62007CJ0261,62005CJ0081
62007CJ0261,62005CJ0295
62007CJ0261,62006CJ0212
62008CJ0321,62000CJ0103
62008CJ0321,62001CJ0286
62008CJ0321,62004CJ0235
62008CJ0321,62005CJ0152
62007CJ0509,61998CJ0208
62007CJ0509,62002CJ0264
62007CJ0509,62005CJ0429
62008CJ0282,62002CJ0195
62008CJ0282,62003CJ0168
62008CJ0282,62005CJ0061
62008CJ0282,62005CJ0152
62008CJ0282,62006CJ0070
62007CJ0336,61989CJ0288
62007CJ0336,61991CJ0148
62007CJ0336,61993CJ0023
62007CJ0336,62004CJ0089
62007CJ0336,62006CJ0017
62007CJ0336,62006CJ0250
62007CJ0230,61991CJ0045
62007CJ0230,61997CJ0071
62007CJ0230,61998CJ0152
62007CJ0230,61999CJ0333
62007CJ0230,62003CJ0168
62007CJ0230,62005CJ0023
62007CJ0230,62007CJ0274
62007CJ0493,62003CJ0168
62007CJ0493,62005CJ0023
62006CJ0412,61999CJ0481
62006CJ0412,62003CJ0350
62006CJ0412,62004CJ0229
62006CJ0412,62006CJ0412
62005CJ0429,61998CJ0208
62005CJ0429,61998CJ0240
62005CJ0429,61998CJ0379
62005CJ0429,61999CJ0088
62005CJ0429,62000CJ0469
62005CJ0429,62000CJ0473
62005CJ0429,62001CJ0300
62005CJ0429,62002CJ0264
62005CJ0429,62004CJ0094
62005CJ0429,62004CJ0466
62005CJ0429,62005CJ0168
62005CJ0429,62005CJ0286
62005CJ0327,62000CJ0052
62005CJ0327,62003CJ0266
62005CJ0327,62004CJ0156
62005CJ0381,61978CJ0170
62005CJ0381,61985CJ0356
62005CJ0381,61999CJ0112
62005CJ0381,62001CJ0044
62005CJ0381,62004CJ0356
62005CJ0381,62005CJ0059
62005CJ0315,61996CJ0083
62005CJ0315,62001CJ0294
62005CJ0315,62002CJ0387
62005CJ0315,62003CJ0402
62005CJ0315,62004CJ0040
62005CJ0168,61997CJ0126
62005CJ0168,61998CJ0078
62005CJ0168,61998CJ0240
62005CJ0168,62000CJ0473
62005CJ0168,62002CJ0237
62005CJ0168,62004CJ0392
62004CJ0356,61990CJ0373
62004CJ0356,61996CJ0210
62004CJ0356,61998CJ0220
62004CJ0356,61999CJ0112
62004CJ0356,62001CJ0044
62004CJ0356,62001CJ0099
62004CJ0356,62005CJ0059
62004CJ0177,61988CJ0131
62004CJ0177,61989CJ0042
62004CJ0177,61991CJ0174
62004CJ0177,61997CJ0150
62004CJ0177,61999CJ0354
62004CJ0177,62000CJ0052
62004CJ0177,62002CJ0304
62004CJ0177,62003CJ0203
62004CJ0177,62003CJ0456
62005CJ0059,61999CJ0112
62005CJ0059,62001CJ0044
62004CJ0127,61999CJ0203
62004CJ0127,62003CJ0402
62003CJ0402,61986CJ0024
62003CJ0402,61989CJ0292
62003CJ0402,61993CJ0057
62003CJ0402,61993CJ0415
62003CJ0402,61998CJ0372
62003CJ0402,61998CJ0375
62003CJ0402,62000CJ0052
62003CJ0402,62000CJ0154
62003CJ0402,62000CJ0183
62003CJ0350,61992CJ0091
62003CJ0350,61997CJ0336
62003CJ0350,61997CJ0423
62003CJ0350,61999CJ0481
62003CJ0350,62001CJ0324
62003CJ0350,62001CJ0397
62004CJ0229,61997CJ0423
62004CJ0229,61999CJ0481
62004CJ0229,62003CJ0350
62003CJ0132,61998CJ0101
62003CJ0132,62001CJ0236
62003CJ0132,62001CJ0316
62003CJ0336,61994CJ0128
62003CJ0336,61997CJ0270
62003CJ0336,61998CJ0164
62003CJ0336,61999CJ0083
62003CJ0336,61999CJ0299
62003CJ0336,61999CJ0481
62003CJ0070,61999CJ0144
62003CJ0070,61999CJ0478
62002CJ0237,61998CJ0240
62002CJ0237,61999CJ0478
62002CJ0264,61998CJ0208
62003CJ0312,62002CJ0063
62003CJ0310,62002CJ0063
62002CJ0040,61977CJ0038
62001CJ0044,61998CJ0220
62001CJ0044,61999CJ0112
62000CJ0221,61989CJ0241
62000CJ0221,61992CJ0037
62000CJ0221,61997CJ0077
62000CJ0221,61999CJ0324
62000CJ0221,62001CJ0099
62001CJ0392,61998CJ0276
62001CJ0392,62000CJ0148
62001CJ0414,61999CJ0384
62001CJ0414,62000CJ0364
62000CJ0473,61976CJ0033
62000CJ0473,61993CJ0312
62000CJ0473,61995CJ0261
62000CJ0473,61998CJ0240
62000CJ0473,61998CJ0318
62000CJ0473,61999CJ0223
61999CJ0478,61993CJ0365
61999CJ0478,61997CJ0336
61999CJ0478,61999CJ0144
61999CJ0478,62000CJ0097
62000CJ0183,61998CJ0318
62000CJ0183,61999CJ0223
62000CJ0183,62000CJ0052
62000CJ0183,62000CJ0154
62000CJ0052,61957CJ0008
62000CJ0052,61988CJ0236
62000CJ0052,61991CJ0074
62000CJ0052,61993CJ0473
62000CJ0052,61997CJ0365
62000CJ0052,62000CJ0154
62000CJ0052,62000CJ0183
62000CJ0154,61957CJ0008
62000CJ0154,61988CJ0236
62000CJ0154,61991CJ0074
62000CJ0154,61993CJ0473
62000CJ0154,61999CJ0203
62000CJ0154,62000CJ0052
62000CJ0154,62000CJ0183
61999CJ0481,61993CJ0128
61999CJ0481,61997CJ0035
61999CJ0481,61999CJ0203
61999CJ0372,61992CJ0382
61999CJ0372,61995CJ0300
61999CJ0372,61998CJ0240
61999CJ0112,61997CJ0063
61999CJ0112,61997CJ0342
61999CJ0144,61984CJ0029
61999CJ0144,61993CJ0365
61999CJ0203,61983CJ0014
61999CJ0203,61988CJ0365
61999CJ0203,61997CJ0009
61998CJ0240,61989CJ0106
61998CJ0240,61992CJ0091
61998CJ0240,61992CJ0334
61998CJ0465,61989CJ0238
61998CJ0465,61993CJ0470
61998CJ0465,61994CJ0051
61998CJ0465,61996CJ0215
61998CJ0465,61996CJ0264
61998CJ0465,61997CJ0303
61998CJ0465,61997CJ0383
61998CJ0208,61995CJ0045
61998CJ0401,61996CJ0214
61997CJ0140,61993CJ0046
61997CJ0140,61993CJ0392
61997CJ0140,61994CJ0178
61997CJ0140,61996CJ0364
61997CJ0140,61997CJ0321
61996CJ0385,61986CJ0037
61996CJ0385,61989CJ0369
61996CJ0385,61994CJ0085
61996CJ0364,61994CJ0178
61996CJ0083,61984CJ0100
61996CJ0083,61993CJ0449
61996CJ0083,61995CJ0072
61995CJ0300,61989CJ0062
61995CJ0300,61992CJ0091
61995CJ0300,61992CJ0382
61994CJ0178,61976CJ0083
61994CJ0178,61989CJ0059
61994CJ0178,61993CJ0046
61994CJ0178,61993CJ0392
61994CJ0178,61994CJ0005
61994CJ0192,61984CJ0152
61994CJ0192,61990CJ0006
61994CJ0192,61992CJ0091
61992CJ0359,61989CJ0174
61992CJ0359,61993CJ0041
61992CJ0091,61981CJ0008
61992CJ0091,61983CJ0014
61992CJ0091,61984CJ0152
61992CJ0091,61988CJ0103
61992CJ0091,61989CJ0106
61992CJ0091,61990CJ0006
61992CJ0091,61992CJ0334
61992CJ0285,61987CJ0298
61992CJ0285,61989CJ0369
61990CJ0373,61983CJ0014
61990CJ0373,61985CJ0031
61990CJ0373,61989CJ0106
62000CO0345,61956CJ0009
62000CO0345,61962CJ0025
62000CO0345,61988CJ0070
62000CO0345,61989CJ0309
62000CO0345,61990CJ0313
62000CO0345,61995CO0010
62000CO0345,61998CJ0082
62000CO0345,61998CJ0210
62000CO0345,61998CJ0284
62000CO0345,61998CJ0352
62000CO0345,61998CO0447
61998CO0447,61989CJ0309
61998CO0447,61995CO0087
61998CO0447,61998CJ0082
61998CO0447,61998CJ0210
61998CO0447,61998CJ0284
61998CO0447,61998CJ0352
62014CO0539,62011CJ0415
62014CO0539,62012CO0537
62014CO0539,62013CJ0567
62014CO0539,62014CJ0169
62014CO0092,61988CJ0297
62014CO0092,61998CJ0448
62014CO0092,62003CJ0451
62014CO0092,62004CJ0003
62014CO0092,62004CJ0094
62014CO0092,62005CJ0389
62014CO0092,62009CJ0092
62014CO0092,62009CJ0245
62014CO0092,62009CO0457
62014CO0092,62010CO0339
62014CO0092,62011CJ0084
62014CO0092,62012CJ0139
62014CO0092,62012CJ0313
62014CO0092,62013CO0153
62014CO0169,62006CO0283
62014CO0169,62008CO0201
62014CO0169,62012CO0394
62013CO0153,62004CJ0302
62013CO0153,62006CJ0064
62013CO0153,62008CJ0096
62013CO0153,62010CO0032
62013CO0153,62011CO0433
62017CO0344,62013CJ0280
62017CO0259,62013CJ0026
62017CO0259,62015CJ0690
62017CO0259,62015CO0692
62017CO0259,62016CJ0073
62017CO0259,62016CJ0074
62017CO0259,62016CJ0076
62017CO0259,62016CJ0089
62017CO0259,62016CJ0129
62017CO0259,62016CJ0519
62009CO0143,62005CJ0261
62009CO0143,62006CJ0064
62009CO0143,62006CJ0168
62001CO0406,61985CJ0152
62017CO0126,62010CJ0453
62017CO0126,62013CJ0026
62017CO0126,62015CJ0154
62017CO0126,62016CJ0186
62017CO0119,62016CJ0186
62017CO0446,62011CJ0092
62017CO0446,62013CJ0280
62017CO0446,62016CO0007
62017CO0232,62015CJ0042
62017CO0232,62015CJ0406
62017CO0232,62015CJ0690
62017CO0232,62015CO0692
62017CO0232,62016CJ0073
62017CO0232,62016CJ0074
62017CO0232,62016CJ0076
62017CO0232,62016CJ0089
62017CO0232,62016CJ0129
62017CO0232,62016CJ0519
62016CO0356,62008CJ0540
62016CO0356,62015CJ0339
62016CO0535,62014CJ0110
62016CO0535,62015CO0074
62016CO0535,62015CO0534
62015CO0637,62008CJ0399
62015CO0637,62009CJ0369
62015CO0637,62012CJ0295
62015CO0637,62013CJ0398
62015CO0637,62015CO0093
62014CO0568(01),61989CJ0213
62014CO0568(01),61999CJ0226
62014CO0568(01),62005CJ0432
62014CO0568(01),62010CJ0472
62014CO0568(01),62011CJ0415
62014CO0568(01),62012CO0537
62014CO0568(01),62013CJ0280
62014CO0568(01),62014CJ0049
62014CO0568(01),62014CJ0169
62014CO0568(01),62014CJ0381
62014CO0568(01),62014CO0568
62015CO0511,62010CJ0602
62015CO0511,62014CO0092
62015CO0534,61996CJ0045
62015CO0534,62015CO0074
62016CO0091,62014CJ0235
62016CO0091,62014CJ0614
62016CO0091,62014CO0019
62016CO0091,62014CO0578
62016CO0091,62015CO0325
62016CO0007,61977CJ0106
62016CO0007,62011CJ0092
62016CO0007,62013CJ0034
62016CO0007,62013CJ0280
62014CO0122,62010CJ0618
62014CO0122,62014CJ0049
62015CO0613,62010CJ0618
62015CO0613,62013CJ0482
62015CO0613,62014CJ0008
62015CO0613,62014CO0090
62015CO0537,61991CJ0083
62015CO0537,62002CJ0225
62015CO0537,62010CJ0197
62015CO0537,62011CO0155
62015CO0074,61996CJ0045
62015CO0074,61998CJ0208
62015CO0074,62011CJ0488
62015CO0074,62013CJ0537
62015CO0074,62014CJ0110
62015CO0013,62008CO0519
62015CO0013,62010CO0288
62015CO0013,62011CO0126
62014CO0090,62010CJ0618
62014CO0090,62011CJ0488
62014CO0090,62013CJ0026
62014CO0090,62013CJ0482
62013CO0602,62010CJ0618
62013CO0602,62011CJ0488
62013CO0602,62013CJ0026
62013CO0602,62013CJ0482
62013CO0430,61993CJ0392
62013CO0430,61994CJ0178
62013CO0430,61997CJ0140
62013CO0430,62004CJ0338
62013CO0430,62006CJ0443
62013CO0430,62007CJ0042
62013CO0430,62011CJ0025
62012CO0537,62010CJ0472
62012CO0537,62010CJ0618
62012CO0537,62011CJ0415
62012CO0343,62008CJ0304
62012CO0343,62008CJ0540
62012CO0343,62010CO0288
62012CO0343,62011CO0126
62011CO0433,61990CJ0320
62011CO0433,61991CJ0083
62011CO0433,61995CJ0235
62011CO0433,62004CJ0302
62011CO0433,62006CJ0064
62011CO0433,62006CJ0445
62011CO0433,62007CJ0011
62011CO0433,62008CJ0096
62011CO0433,62009CO0181
62011CO0433,62010CJ0453
62011CO0433,62010CO0032
62011CO0433,62011CO0348
62011CO0433,62012CO0185
62011CO0252,61991CJ0083
62011CO0252,62002CJ0225
62011CO0252,62010CJ0197
62011CO0252,62011CO0155
62011CO0559,62008CJ0304
62011CO0559,62008CJ0540
62011CO0559,62011CJ0126
62011CO0559,62012CJ0185
62011CO0126,62008CJ0304
62011CO0126,62008CJ0515
62011CO0126,62008CJ0540
62011CO0126,62010CJ0464
62011CO0126,62010CO0288
62010CO0288,62008CJ0304
62010CO0288,62008CJ0519
62010CO0288,62008CJ0540
62010CO0032,62004CJ0302
62010CO0032,62006CJ0064
62010CO0032,62006CO0168
62010CO0032,62008CJ0096
62010CO0352,61981CJ0141
62010CO0352,61990CJ0320
62010CO0352,61991CJ0083
62010CO0352,61998CJ0379
62010CO0352,62000CO0116
62010CO0352,62001CJ0380
62010CO0352,62003CJ0453
62010CO0352,62003CJ0470
62010CO0352,62005CJ0020
62010CO0352,62005CJ0295
62010CO0352,62005CJ0380
62010CO0352,62006CJ0445
62010CO0352,62009CO0181
62010CO0076,61998CJ0208
62010CO0076,61998CJ0240
62010CO0076,61999CJ0478
62010CO0076,62000CJ0473
62010CO0076,62002CJ0237
62010CO0076,62002CJ0264
62010CO0076,62003CJ0291
62010CO0076,62005CJ0168
62010CO0076,62005CJ0429
62010CO0076,62007CJ0509
62010CO0076,62008CJ0040
62010CO0076,62008CJ0243
62010CO0076,62008CJ0484
62010CO0076,62010CJ0188
62009CO0085,61981CJ0026
62009CO0085,61991CJ0146
62009CO0085,61999CJ0197
62009CO0085,62006CJ0120
62010CJ0017,62008CJ0120
62009CJ0410,62007CJ0424
62006CJ0161,62001CJ0108
62004CJ0273,61995CJ0259
62004CJ0414,61995CJ0259
62004CJ0413,61995CJ0259
62016CJ0492,62013CJ0034
62016CJ0339,62001CO0406
62016CJ0337,62001CO0406
62016CJ0338,62001CO0406
62015CJ0134(01),62010CJ0544
62016CJ0078,62014CJ0157
62015CJ0075,61997CJ0087
62015CJ0075,62004CJ0356
62015CJ0075,62007CJ0446
62015CJ0075,62009CJ0159
62015CJ0075,62014CJ0195
62015CJ0058,62014CJ0207
62013CJ0443,62005CJ0315
62013CJ0012,62012CJ0470
62013CJ0035,61994CJ0321
62013CJ0035,61997CJ0129
62013CJ0035,61998CJ0312
62013CJ0035,62001CJ0216
62013CJ0035,62011CJ0415
62011CJ0373,62007CJ0343
62012CJ0093,62008CJ0317
62011CJ0059,62007CJ0343
62009CJ0221,62003CJ0210
62009CJ0077,62001CJ0491
62009CJ0061,62003CJ0336
62007CJ0505,62008CJ0137
62007CJ0478,61997CJ0087
62007CJ0478,61997CJ0129
62007CJ0478,61998CJ0312
62007CJ0478,62000CJ0066
62007CJ0478,62000CJ0469
62007CJ0478,62001CJ0108
62007CJ0478,62001CJ0216
62008CJ0165,61981CJ0124
62006CJ0445,61994CJ0178
62007CJ0556,62003CJ0336
62006CJ0120,61991CJ0146
62006CJ0361,62003CJ0210
62006CJ0491,62003CJ0210
62006CJ0491,62003CJ0211
62005CJ0132,61997CJ0087
62005CJ0132,61997CJ0129
62005CJ0132,62000CJ0066
62005CJ0222,61998CJ0240
62005CJ0222,62000CJ0473
62005CJ0222,62005CJ0168
62005CJ0236,61982CJ0042
62005CJ0236,62004CJ0033
62005CJ0138,62003CJ0210
62004CJ0489,62003CJ0211
62004CJ0353,61989CJ0241
62004CJ0353,61997CJ0087
62005CJ0028,62002CJ0434
62003CJ0535,62003CJ0210
62003CJ0346,62003CJ0210
62003CJ0240,62000CO0345
62003CJ0453,62001CJ0491
62003CJ0453,62002CJ0434
62003CJ0453,62003CJ0210
62002CJ0465,61996CJ0289
62003CJ0295,61991CJ0146
62001CJ0162,62000CJ0421
62001CJ0329,62001CJ0491
62001CJ0294,62001CJ0491
62000CJ0293,62001CJ0491
62001CJ0501,62001CJ0491
62000CJ0312,61994CJ0178
62000CJ0121,61984CJ0178
62000CJ0121,61993CJ0017
62001CJ0081,61980CJ0056
61999CJ0269,61998CO0447
61999CJ0041,61998CO0447
61997CJ0107,61989CJ0241
61997CJ0104,61991CJ0146
61997CJ0303,61980CJ0056
61997CJ0303,61982CJ0094
61997CJ0303,61990CJ0373
61996CJ0210,61982CJ0094
61996CJ0210,61988CJ0362
61996CJ0210,61990CJ0373
61995CJ0127,61994CJ0178
61996CJ0270,61982CJ0227
61996CJ0201,61982CJ0227
61994CJ0105,61982CJ0042
61995CJ0144,61993CJ0017
61993CJ0046,61980CJ0193
61993CJ0046,61984CJ0178
61994CJ0046,61980CJ0056
61993CJ0131,61981CJ0124
61991CJ0228,61981CJ0124
61991CJ0228,61982CJ0227
61991CJ0235,61981CJ0124
61989CJ0221,61980CJ0027
61989CJ0205,61984CJ0178
61990CJ0042,61984CJ0178
61988CJ0304,61981CJ0124
61986CJ0076,61980CJ0027
61987CJ0274,61980CJ0113
61987CJ0274,61984CJ0178
61985CJ0407,61980CJ0193
61985CJ0407,61984CJ0178
61986CJ0090,61980CJ0193
61986CJ0090,61984CJ0178
61984CJ0216,61980CJ0027
61985CJ0261,61981CJ0124
61986CJ0113,61982CJ0042
61984CJ0182,61980CJ0193
61984CJ0182,61983CJ0016
61983CJ0281,61980CJ0193
61984CJ0089,61983CJ0016
61984CJ0073,61981CJ0124
61983CJ0097,61981CJ0124
62000CJ0015,62001CJ0491
62004CJ0073,61997CJ0423
62001CJ0266,61998CJ0208
62012CJ0483,62011CO0559
62011CJ0539,62009CJ0108
62011CJ0300,62011CJ0472
62011CJ0249,62010CJ0618
62011CJ0137,62003CJ0336
62010CJ0424,62003CJ0336
62008CJ0073,62003CJ0402
62007CJ0544,61989CJ0241
62002CJ0441,62000CJ0066
62002CJ0441,62004CJ0177
62004CJ0258,61989CJ0241
62002CJ0456,61989CJ0241
62002CJ0456,61997CJ0087
62012CJ0562,62003CJ0402
62012CJ0562,62011CJ0092
62006CJ0383,62000CJ0469
62006CJ0383,62005CJ0429
62006CJ0158,62001CJ0108
62016CJ0518,62015CJ0113
62015CJ0560,62007CJ0424
62015CJ0560,62014CJ0085
62014CJ0089,62008CJ0120
62013CJ0184,62008CJ0393
62012CJ0295,62010CJ0070
62013CJ0052,62007CJ0487
62013CJ0052,62009CJ0159
62012CJ0162,61994CJ0321
62012CJ0162,62008CJ0393
62012CJ0419,61994CJ0321
62012CJ0419,62008CJ0393
62012CJ0262,62003CJ0402
62012CJ0262,62011CJ0092
62012CJ0327,62008CJ0393
62012CJ0523,62012CJ0265
62011CJ0518,62008CJ0389
62011CJ0536,62011CJ0397
62010CJ0610,62004CJ0177
62010CJ0385,62008CJ0393
62010CJ0385,62009CJ0108
62011CJ0084,62008CJ0393
62009CJ0439,62009CJ0108
62008CJ0403,62009CJ0108
62009CJ0140,62005CJ0429
62008CJ0376,62003CJ0210
62007CJ0369,62004CJ0177
62006CJ0468,61990CJ0373
62006CJ0279,62003CJ0211
62003CJ0110,62003CJ0210
62003CJ0072,61981CJ0286
62001CJ0097,61999CJ0144
61999CJ0462,61992CJ0091
61996CJ0215,61996CJ0045
61988CJ0018,61984CJ0178
61988CJ0021,61980CJ0113
61984CJ0209,61983CJ0016
62016CJ0064,62015CJ0503
62016CJ0102,62012CJ0565
62016CJ0073,62008CJ0317
62016CJ0073,62016CJ0075
62014CJ0543,62014CJ0169
62014CJ0543,62014CO0539
62015CJ0205,62014CJ0169
62014CJ0069,62008CJ0040
62014CJ0001,62008CJ0222
62014CJ0001,62008CJ0389
62013CJ0249,62008CJ0317
62013CJ0112,62010CJ0292
62013CJ0112,62010CJ0327
62012CJ0501,62011CJ0092
62012CJ0131,62009CJ0324
62012CJ0291,62009CJ0543
62011CJ0283,62007CJ0336
62011CJ0283,62010CJ0544
62007CJ0518,62001CJ0491
62000CJ0465,62001CJ0491
62016CJ0395,62016CJ0247
62016CJ0284,62005CJ0168
62015CJ0072,62001CJ0491
62012CJ0252,62006CJ0533
62012CJ0252,62007CJ0487
62009CJ0137,62006CJ0244
62009CJ0097,62008CJ0317
62007CJ0555,61992CJ0091
62007CJ0054,61999CJ0203
62005CJ0456,62004CJ0033
62003CJ0215,61989CJ0241
61997CJ0302,61994CJ0178
62013CJ0464,62014CJ0169
62016CJ0498,62014CJ0110
62017CJ0066,62010CJ0292
62016CJ0403,62008CJ0317
62015CJ0551,62014CJ0032
62014CJ0573,62014CJ0397
62015CJ0070,62010CJ0327
62014CJ0094,62010CJ0292
62014CJ0350,62013CJ0026
62014CJ0310,62013CJ0034
62014CJ0184,62013CJ0026
62013CJ0189,62012CJ0470
62012CJ0438,62012CJ0413
62012CJ0438,62012CJ0470
62012CJ0009,62010CJ0327
62012CJ0508,62010CJ0618
62012CJ0508,62011CJ0092
62011CJ0332,62010CJ0618
62011CJ0419,62010CJ0618
62011CJ0215,62010CJ0618
62011CJ0133,62010CJ0292
62011CJ0133,62010CJ0327
62010CJ0502,62003CJ0336
62010CJ0619,62008CJ0317
62010CJ0523,62009CJ0324
62010CJ0145,62002CJ0434
62010CJ0145,62003CJ0210
62008CJ0585,62000CJ0400
62008CJ0585,62008CJ0215
62008CJ0523,62008CJ0321
62007CJ0058,61999CJ0478
62007CJ0058,62003CJ0135
62007CJ0003,61999CJ0144
62010CJ0002,62007CJ0261
62001CJ0259,61999CJ0144
62016CJ0572,62014CJ0008
62016CJ0572,62015CJ0327
62015CJ0691,62010CJ0015
62015CJ0651,62014CJ0207
62015CJ0549,62003CJ0210
62015CJ0323,62010CJ0015
62015CJ0324,62010CJ0015
62013CJ0648,62011CJ0313
62014CJ0454,62012CJ0421
62014CJ0141,62012CJ0421
62014CJ0198,62009CJ0108
62014CJ0137,61994CJ0178
62014CJ0071,62003CJ0211
62013CJ0398,62001CJ0491
62013CJ0398,62002CJ0434
62013CJ0398,62003CJ0210
62014CJ0140,62012CJ0421
62014CJ0145,62012CJ0421
62013CJ0323,62004CJ0033
62013CJ0206,61987CJ0382
62012CJ0151,61999CJ0372
62012CJ0203,62003CJ0210
62011CJ0583,62008CJ0317
62011CJ0026,62008CJ0317
62010CJ0416,62008CJ0137
62010CJ0340,61982CJ0042
62008CJ0560,62004CJ0033
62009CJ0165,62007CJ0261
62010CJ0365,62004CJ0033
62009CJ0343,62001CJ0491
62009CJ0343,62007CJ0343
62008CJ0100,62000CJ0221
62007CJ0558,62001CJ0491
62008CJ0184,62008CJ0282
62007CJ0283,61999CJ0144
62007CJ0219,61980CJ0027
62006CJ0308,62001CJ0491
62007CJ0147,62004CJ0033
62004CJ0418,61995CJ0300
62007CJ0106,62003CJ0135
62005CJ0255,62004CJ0033
62004CJ0507,61999CJ0144
62004CJ0508,61999CJ0144
62005CJ0032,61988CJ0329
62005CJ0032,61988CJ0360
62005CJ0032,61999CJ0478
62004CJ0221,61982CJ0042
62004CJ0221,62000CJ0052
62003CJ0006,61992CJ0011
62003CJ0006,62002CJ0434
62002CJ0277,61993CJ0017
62001CJ0194,61999CJ0478
62001CJ0194,62000CJ0154
62002CJ0072,61999CJ0478
62000CJ0233,61995CJ0300
62000CJ0233,61999CJ0478
62001CJ0419,62001CJ0392
62002CJ0143,62001CJ0392
62000CJ0378,61995CJ0259
62001CJ0324,61999CJ0478
62000CJ0139,61995CJ0300
62001CJ0060,61988CJ0329
62001CJ0060,61988CJ0360
61999CJ0127,61984CJ0178
61999CJ0510,61987CJ0298
61995CJ0168,61992CJ0091
61994CJ0118,61992CJ0091
61986CJ0302,61981CJ0261
62016CJ0320,62015CJ0434
62016CJ0523,61989CJ0241
62016CJ0643,62001CJ0491
62016CJ0304,62001CJ0491
62016CJ0076,62016CO0091
62015CJ0685,62013CJ0222
62015CJ0296,61980CJ0113
62015CJ0296,61989CJ0241
62015CJ0076,62005CJ0315
62015CJ0316,62015CJ0019
62015CJ0268,62012CJ0265
62015CJ0268,62015CJ0168
62014CJ0396,62013CJ0222
62014CJ0547,62001CJ0491
62014CJ0547,62002CJ0434
62014CJ0547,62003CJ0210
62014CJ0547,62010CJ0544
62014CJ0547,62014CJ0157
62014CJ0477,62001CJ0491
62014CJ0477,62014CJ0157
62014CJ0315,62009CJ0323
62013CJ0454,62014CJ0416
62013CJ0517,62014CJ0416
62014CJ0312,62013CJ0026
62014CJ0061,62014CJ0169
62013CJ0346,62014CJ0416
62013CJ0508,62001CJ0491
62013CJ0282,62010CJ0016
62011CJ0359,62011CJ0092
62013CJ0088,62012CJ0470
62013CJ0291,61992CJ0091
62013CJ0291,62009CJ0324
62013CJ0213,62008CJ0040
62012CJ0475,62008CJ0522
62012CJ0475,62012CJ0265
62011CJ0616,62011CJ0092
62012CJ0209,61999CJ0481
62012CJ0209,62006CJ0412
62012CJ0174,62006CJ0412
62012CJ0174,62008CJ0215
62012CJ0362,62008CJ0317
62012CJ0159,62008CJ0393
62012CJ0561,62011CO0433
62011CJ0418,62008CJ0317
62011CJ0173,62009CJ0324
62011CJ0055,62009CJ0323
62010CJ0601,62008CJ0321
62010CJ0244,62003CJ0336
62008CJ0467,62007CJ0261
62008CJ0271,61982CJ0042
62008CJ0171,62004CJ0033
62007CJ0423,62004CJ0033
62008CJ0236,62006CJ0533
62008CJ0236,62007CJ0487
62008CJ0502,62008CJ0321
62008CJ0556,62003CJ0135
62008CJ0109,62004CJ0177
62006CJ0531,62004CJ0033
62007CJ0292,61999CJ0144
62007CJ0292,62003CJ0070
62007CJ0213,62003CJ0210
62007CJ0330,62006CJ0244
62006CJ0450,62004CJ0438
62005CJ0438,62003CJ0350
62005CJ0460,62003CJ0210
62004CJ0501,61981CJ0124
62005CJ0257,61980CJ0193
62005CJ0257,61988CJ0362
62003CJ0380,62001CJ0491
62003CJ0380,62002CJ0434
62003CJ0380,62003CJ0210
62004CJ0479,62001CJ0491
62004CJ0470,61994CJ0178
62005CJ0053,62000CJ0154
62004CJ0471,61981CJ0286
62004CJ0471,61997CJ0087
62003CJ0021,62002CJ0434
62003CJ0021,62003CJ0210
62002CJ0222,61994CJ0178
62000CJ0356,61992CJ0091
62000CJ0356,61998CJ0240
61998CJ0456,61992CJ0091
61998CJ0456,61998CJ0240
61997CJ0424,61994CJ0178
61998CJ0212,61988CJ0329
61998CJ0212,61998CJ0401
61998CJ0213,61998CJ0401
61997CJ0241,61981CJ0124
61997CJ0258,61992CJ0091
61997CJ0258,61994CJ0178
61997CJ0131,61992CJ0091
61997CJ0131,61994CJ0178
61995CJ0191,61981CJ0124
61997CJ0076,61992CJ0091
61997CJ0076,61994CJ0178
61996CJ0097,61992CJ0091
61996CJ0097,61994CJ0192
61996CJ0054,61992CJ0091
61996CJ0054,61994CJ0178
62015CJ0358,62003CJ0210
62013CJ0098,62009CJ0324
62009CJ0380,62001CJ0491
62009CJ0548,62003CJ0210
62009CJ0550,62007CJ0343
62008CJ0419,61991CJ0146
62007CJ0118,62001CJ0216
62006CJ0249,62001CJ0216
62006CJ0249,62003CJ0210
62006CJ0205,62001CJ0216
62006CJ0205,62003CJ0210
62001CJ0024,61991CJ0146
62003CJ0131,62000CO0345
62000CJ0011,62001CJ0491
62015CJ0326,62008CJ0040
62015CJ0326,62015CJ0154
62015CJ0605,62008CJ0040
62015CJ0605,62015CJ0154
62015CJ0390,62001CJ0491
62014CJ0332,61998CJ0240
62014CJ0586,62003CJ0402
62014CJ0255,62012CJ0565
62014CJ0076,62003CJ0402
62013CJ0662,62011CJ0472
62013CJ0115,61980CJ0193
62013CJ0115,61984CJ0178
62012CJ0082,62003CJ0402
62010CJ0603,62008CJ0040
62011CJ0525,62010CJ0618
62011CJ0263,62003CJ0402
62011CJ0153,61999CJ0203
62010CJ0263,62003CJ0402
62009CJ0489,62001CJ0491
62009CJ0285,62008CJ0317
62009CJ0035,62008CJ0040
62009CJ0035,62008CJ0317
62009CJ0002,62003CJ0402
62009CJ0311,62004CJ0033
62008CJ0029,62006CJ0244
62006CJ0484,62001CJ0491
62006CJ0484,62003CJ0210
62006CJ0284,62003CJ0210
62007CJ0095,61997CJ0087
62006CJ0374,62001CJ0491
62006CJ0251,61989CJ0241
62006CJ0251,61997CJ0087
62003CJ0466,62003CJ0210
62005CJ0178,62003CJ0402
62005CJ0178,62004CJ0177
62005CJ0392,61989CJ0241
62005CJ0392,61997CJ0087
62005CJ0313,62003CJ0210
62005CJ0313,62003CJ0402
62005CJ0290,62003CJ0402
62004CJ0434,61981CJ0124
62004CJ0434,61993CJ0017
62004CJ0184,62003CJ0402
62004CJ0495,61982CJ0227
62003CJ0152,61989CJ0241
62003CJ0152,61997CJ0087
62003CJ0291,61999CJ0203
62003CJ0452,61989CJ0241
62003CJ0452,61997CJ0087
62002CJ0365,61989CJ0241
62002CJ0365,61997CJ0087
62001CJ0387,61989CJ0241
62001CJ0387,61997CJ0087
61999CJ0262,61996CJ0385
61999CJ0150,61994CJ0178
61999CJ0150,61997CJ0140
61998CJ0365,61992CJ0091
61996CJ0319,61994CJ0178
61994CJ0283,61992CJ0091
61994CJ0283,61994CJ0178
62016CJ0217,62013CJ0567
62014CJ0566,62009CO0085
62014CJ0286,62014CJ0508
62013CJ0081,62003CJ0210
62013CJ0076,62009CJ0154
62011CJ0514,62004CJ0033
62011CJ0514,62009CJ0154
62008CJ0301,62001CJ0216
62007CJ0457,62004CJ0033
62007CJ0457,62004CJ0177
62006CJ0070,62004CJ0177
62005CJ0331,62003CJ0210
62003CJ0436,62001CJ0491
62002CJ0234,61991CJ0146
62000CJ0041,62000CO0345
62007CJ0404,62006CJ0244
62014CJ0010,62012CJ0470
62011CJ0338,62003CJ0402
62009CJ0212,62004CJ0033
62008CJ0487,62003CJ0135
61999CJ0515,61981CJ0286
61999CJ0515,61986CJ0098
62015CJ0148,61993CJ0017
62014CJ0525,62001CJ0216
62014CJ0095,61983CJ0207
62014CJ0095,62007CJ0205
62014CJ0095,62012CJ0421
62013CJ0666,62012CJ0470
62013CJ0666,62013CJ0034
62013CJ0358,62003CJ0211
62012CJ0481,62009CJ0108
62011CJ0320,62003CJ0336
62010CJ0456,62009CJ0108
62010CJ0484,62009CJ0108
62009CJ0446,62009CJ0324
62010CJ0454,62007CJ0446
62010CJ0443,62007CJ0205
62009CJ0161,62000CJ0469
62009CJ0161,62001CJ0108
62009CJ0161,62007CJ0205
62009CJ0421,61993CJ0017
62008CJ0446,62003CJ0211
62007CJ0088,62003CJ0211
62007CJ0140,62003CJ0211
62007CJ0141,61993CJ0017
62007CJ0141,62006CJ0244
62006CJ0055,62004CJ0438
62006CJ0230,62003CJ0210
62006CJ0227,61982CJ0227
62006CJ0227,62006CJ0244
62006CJ0257,62001CJ0099
62005CJ0319,61982CJ0227
62005CJ0319,61993CJ0017
62005CJ0319,62003CJ0211
62006CJ0084,62003CJ0211
62005CJ0297,62003CJ0135
62005CJ0254,61982CJ0227
62004CJ0170,61993CJ0017
62003CJ0470,61997CJ0383
62005CJ0054,61981CJ0124
62005CJ0054,61984CJ0176
62005CJ0082,61984CJ0178
62004CJ0158,61984CJ0178
62004CJ0441,61987CJ0382
62004CJ0441,61989CJ0361
62004CJ0366,61984CJ0178
62004CJ0154,62001CJ0491
62004CJ0154,62002CJ0434
62004CJ0154,62003CJ0210
62003CJ0020,61987CJ0382
61999CJ0387,61982CJ0227
62000CJ0150,61982CJ0227
62001CJ0222,62001CJ0491
62002CJ0071,61994CJ0321
62000CJ0024,61984CJ0176
62002CJ0270,61982CJ0227
62002CJ0270,62000CJ0221
62001CJ0095,61982CJ0227
62001CJ0455,61997CJ0383
62001CJ0192,61982CJ0227
62001CJ0192,61984CJ0178
62001CJ0006,61981CJ0286
62001CJ0006,61986CJ0098
62001CJ0420,61984CJ0178
62002CJ0014,61982CJ0227
62002CJ0014,62001CJ0099
62000CJ0014,61986CJ0098
62000CJ0014,61987CJ0298
62000CJ0014,61997CJ0383
62000CJ0014,61998CJ0366
62000CJ0012,61987CJ0298
62000CJ0012,61997CJ0383
62000CJ0012,61998CJ0366
62000CJ0388,61982CJ0155
62000CJ0123,61993CJ0017
62000CJ0123,61997CJ0383
61998CJ0448,61981CJ0286
61998CJ0448,61986CJ0098
61998CJ0448,61987CJ0298
61998CJ0448,61994CJ0321
61998CJ0448,61998CJ0366
61997CJ0067,61981CJ0124
61996CJ0184,61994CJ0321
61995CJ0358,61980CJ0130
61995CJ0358,61993CJ0017
61993CJ0427,61982CJ0227
61994CJ0232,61992CJ0091
61994CJ0071,61992CJ0091
61992CJ0317,61981CJ0261
61992CJ0315,61987CJ0382
61992CJ0315,61989CJ0241
61991CJ0126,61981CJ0286
61991CJ0126,61987CJ0382
61991CJ0126,61988CJ0362
61991CJ0003,61983CJ0016
61991CJ0003,61983CJ0207
61990CJ0344,61984CJ0178
61989CJ0293,61984CJ0178
61989CJ0095,61984CJ0178
61991CJ0013,61982CJ0227
61991CJ0013,61984CJ0178
61990CJ0290,61982CJ0227
61990CJ0001,61988CJ0362
61990CJ0239,61981CJ0286
61990CJ0239,61982CJ0155
61990CJ0239,61987CJ0382
61990CJ0239,61988CJ0362
61989CJ0347,61983CJ0016
61988CJ0369,61981CJ0286
61988CJ0369,61982CJ0227
61988CJ0369,61987CJ0382
61989CJ0060,61981CJ0286
61989CJ0060,61982CJ0227
61989CJ0060,61987CJ0382
61989CJ0269,61980CJ0193
61989CJ0269,61981CJ0261
61989CJ0269,61984CJ0178
61985CJ0434,61980CJ0113
61983CJ0269,61982CJ0155
61983CJ0177,61980CJ0113
61983CJ0072,61982CJ0042
62015CJ0015,62007CJ0205
62015CJ0015,62014CJ0049
62011CJ0127,62008CJ0393
62007CJ0562,62004CJ0033
62004CJ0205,61999CJ0144
62005CJ0346,61989CJ0241
62004CJ0119,62004CJ0177
62001CJ0224,61994CJ0178
61991CJ0165,61992CJ0091
61984CJ0298,61982CJ0227
62014CJ0582,62010CJ0070
62012CJ0119,62003CJ0336
62012CJ0119,62010CJ0016
62012CJ0119,62011CJ0049
62014CJ0062,62001CJ0491
62012CJ0270,61992CJ0359
62010CJ0311,61999CJ0478
62010CJ0311,62009CJ0154
62006CJ0465,61999CJ0144
62014CJ0358,62001CJ0491
62014CJ0358,62002CJ0434
62014CJ0358,62003CJ0210
62014CJ0441,61992CJ0091
62012CJ0313,62010CJ0602
62009CJ0246,62008CJ0040
62008CJ0118,61994CJ0178
62008CJ0118,62007CJ0261
62003CJ0433,62003CJ0310
61995CJ0094,61994CJ0178
62016CJ0291,62014CJ0421
62016CJ0291,62016CJ0186
62016CJ0093,62007CJ0487
62016CJ0093,62009CJ0323
62015CJ0689,61997CJ0087
62015CJ0689,62007CJ0487
62015CJ0689,62009CJ0323
62015CJ0110,62003CJ0402
62015CJ0494,62009CJ0324
62015CJ0494,62010CJ0070
62015CJ0179,62007CJ0487
62015CJ0179,62009CJ0323
62013CJ0580,62010CJ0070
62013CJ0580,62010CJ0360
62014CJ0379,62009CJ0323
62014CJ0379,62009CJ0324
62012CJ0314,62010CJ0070
62012CJ0314,62010CJ0360
62012CJ0314,62011CJ0415
62012CJ0065,62007CJ0487
62012CJ0065,62009CJ0323
62011CJ0661,62009CJ0323
62011CJ0149,62003CJ0402
62011CJ0376,62007CJ0487
62011CJ0100,62007CJ0487
62010CJ0190,62003CJ0336
62010CJ0119,62006CJ0533
62010CJ0119,62009CJ0324
62010CJ0034,62003CJ0336
62009CJ0482,62003CJ0336
62009CJ0482,62007CJ0487
62008CJ0518,62006CJ0244
62008CJ0278,62007CJ0487
62008CJ0202,62006CJ0533
62007CJ0252,62006CJ0533
62007CJ0328,62003CJ0135
62005CJ0239,62003CJ0350
62004CJ0259,61997CJ0087
62004CJ0259,62002CJ0434
62004CJ0259,62003CJ0210
62004CJ0421,62000CJ0469
62004CJ0421,62003CJ0210
62003CJ0456,61999CJ0478
61997CJ0063,61992CJ0091
61996CJ0355,61992CJ0091
62016CJ0277,62014CJ0397
62015CJ0413,61992CJ0091
62015CJ0219,62003CJ0402
62014CJ0448,62003CJ0211
62014CJ0448,62014CJ0207
62015CJ0424,62007CJ0424
62015CJ0424,62008CJ0389
62015CJ0424,62014CJ0085
62015CJ0231,62008CJ0317
62015CJ0231,62014CJ0397
62015CJ0028,62007CJ0424
62015CJ0028,62014CJ0085
62014CJ0395,62010CJ0016
62014CJ0395,62014CJ0085
62013CJ0544,62008CJ0540
62014CJ0030,61992CJ0091
62013CJ0280,62010CJ0618
62013CJ0280,62011CJ0092
62013CJ0280,62011CJ0415
62012CJ0425,61992CJ0091
62012CJ0109,62003CJ0211
62011CJ0488,62008CJ0040
62011CJ0488,62010CJ0472
62011CJ0488,62010CJ0618
62011CJ0488,62011CJ0092
62011CJ0488,62011CJ0472
62011CJ0535,62003CJ0210
62010CJ0004,61997CJ0087
62010CJ0004,62008CJ0120
62008CJ0558,62007CJ0487
62008CJ0558,62008CJ0215
62008CJ0058,62001CJ0491
62008CJ0327,62004CJ0033
62008CJ0243,61998CJ0240
62008CJ0243,61999CJ0144
62008CJ0243,61999CJ0478
62008CJ0243,62000CJ0473
62008CJ0243,62002CJ0237
62008CJ0243,62005CJ0168
62007CJ0383,62003CJ0211
62006CJ0404,62003CJ0402
62005CJ0380,61981CJ0286
62006CJ0080,61992CJ0091
62006CJ0080,61994CJ0192
62005CJ0356,62003CJ0402
62004CJ0066,62002CJ0434
62004CJ0066,62003CJ0210
62001CJ0063,61999CJ0144
62001CJ0103,62001CJ0491
61998CJ0443,61992CJ0091
61998CJ0352,61994CJ0178
61998CJ0081,61994CJ0178
61997CJ0033,61994CJ0085
61997CJ0111,61992CJ0091
61997CJ0111,61994CJ0178
61989CJ0112,61982CJ0227
62016CJ0250,62010CJ0618
62013CJ0506,62003CJ0210
62015CJ0082,62003CJ0132
62013CJ0269,62003CJ0132
62009CJ0013,62008CJ0321
62015CJ0552,62004CJ0033
62015CJ0342,62012CJ0265
62011CJ0678,62012CJ0421
62008CJ0212,62009CJ0108
62009CJ0119,62007CJ0261
62009CJ0070,61989CJ0241
62004CJ0490,61995CJ0300
62003CJ0287,61995CJ0300
61990CJ0159,61988CJ0362
62009CJ0503,61989CJ0241
62005CJ0299,62002CJ0434
62005CJ0299,62003CJ0210
62000CJ0118,61994CJ0178
61993CJ0422,61989CJ0369
61992CJ0031,61989CJ0369
61990CJ0186,61989CJ0369
61987CJ0349,61989CJ0369
62014CJ0501,62012CJ0565
62011CJ0476,61992CJ0091
62011CJ0426,62010CJ0544
62010CJ0282,61992CJ0091
62010CJ0282,61994CJ0192
62010CJ0108,62003CJ0210
62009CJ0242,62003CJ0402
62009CJ0227,61992CJ0091
62009CJ0151,62003CJ0336
62007CJ0378,61992CJ0091
62007CJ0378,62006CJ0244
62006CJ0506,61989CJ0241
62004CJ0212,61992CJ0091
62003CJ0410,61999CJ0478
62002CJ0196,61992CJ0091
62001CJ0397,61992CJ0091
62001CJ0397,61998CJ0240
62002CJ0184,62001CJ0491
62001CJ0065,61999CJ0144
62000CJ0455,61999CJ0144
61999CJ0438,61992CJ0091
61998CJ0303,61992CJ0091
61998CJ0343,61992CJ0091
61998CJ0343,61994CJ0192
61999CJ0026,61998CJ0401
61997CJ0002,61988CJ0362
61996CJ0253,61992CJ0091
61995CJ0261,61994CJ0178
61995CJ0373,61994CJ0178
61995CJ0066,61994CJ0178
61995CJ0074,61992CJ0091
61993CJ0472,61992CJ0091
61991CJ0337,61989CJ0369
61991CJ0338,61989CJ0369
62008CJ0485,62000CO0345
62006CJ0059,62002CJ0434
62017CJ0195,62015CJ0113
62017CJ0195,62015CJ0434
62016CJ0314,62016CJ0289
62016CJ0290,62013CJ0143
62016CJ0190,62010CJ0544
62015CJ0632,62015CJ0113
62016CJ0058,62012CJ0421
62015CJ0447,62005CJ0315
62015CJ0447,62007CJ0509
62014CJ0257,62008CJ0484
62012CJ0487,62006CJ0244
62013CJ0277,61994CJ0178
62012CJ0356,62010CJ0015
62011CJ0012,62010CJ0544
62007CJ0402,62003CJ0210
62007CJ0549,62003CJ0336
62004CJ0344,62001CJ0491
62004CJ0344,62003CJ0210
61999CJ0138,61998CJ0401
62016CO0107,62016CJ0111
62007CO0099,62000CO0345
62005CO0418,62000CO0345
62001CO0151,61998CO0447
61999CO0351,61998CO0447
61999CO0352,61998CO0447
61997CO0317(02),61987CJ0298
62014CO0019,62011CO0433
62016CO0491,62016CO0091
62011CO0603,62008CJ0393
62010CO0073,62001CO0406
62005CO0320,62000CO0345
62000CO0341,61998CO0447
62000CO0341,62000CO0345
62016CO0508,62015CO0013
62015CO0526,62015CO0537
62015CO0380,62014CJ0169
62013CO0089,62012CJ0470
62012CO0156,62010CJ0292
62010CO0290,62001CO0406
62013CO0488,62010CJ0602
62013CO0350,62012CJ0470
62013CO0257,62011CO0433
62013CO0288,62010CJ0015
62013CO0289,62010CJ0015
62013CO0290,62010CJ0015
62013CO0287,62010CJ0015
62013CO0199,62010CJ0015
62015CO0692,62014CO0092
62008CO0315,62008CJ0393
62009CO0298,61992CJ0091
62009CO0298,62009CO0143
62016CO0476(01),62013CJ0222
62011CO0581,62000CO0345
62011CO0272,61991CJ0146
62017CO0243,62016CO0091
62016CO0286,62010CO0032
62011CO0474,62000CO0345
62010CO0609,62000CO0345
62009CO0514,62000CO0345
62016CO0053,62000CO0345
62016CO0027,62016CO0091
62014CO0246,62010CJ0602
62013CO0459,62008CJ0393
62015CO0278,62011CJ0472
62013CO0535,62009CJ0324
62012CO0069,62001CO0406
62010CO0388,61980CJ0193
62008CO0062,62006CJ0533
62015CO0285,62014CJ0508
62013CO0342,62002CJ0237
62013CO0342,62008CJ0040
62013CO0342,62008CJ0137
62013CO0342,62010CJ0472
62013CO0342,62010CO0076
62013CO0342,62011CJ0415
62013CO0342,62012CJ0226
62010CO0266,62001CO0406
62002CO0166(01),61992CJ0091
62007CO0364,61992CJ0091
62008CO0231,62000CO0345
62007CO0074,62000CO0345
62006CO0495,62000CO0345
62005CO0172,62000CO0345
62005CO0268,62000CO0345
62004CO0420,62000CO0345
